{"cameraMode":{"drawMode":0,"name":"Shaded","section":"Shading Mode"},"sceneLighting":true,"audioPlay":false,"sceneViewState":{"m_AlwaysRefresh":false,"showFog":true,"showSkybox":true,"showFlares":true,"showImageEffects":true,"showParticleSystems":true,"showVisualEffectGraphs":true,"m_FxEnabled":true},"in2DMode":false,"pivot":{"x":0.20876352488994599,"y":0.2609279155731201,"z":-0.15444651246070863},"rotation":{"x":-0.3273639380931854,"y":0.40619972348213198,"z":-0.15863193571567536,"w":-0.8382725119590759},"size":0.13899731636047364,"orthographic":false}