{"cameraMode":{"drawMode":0,"name":"Shaded","section":"Shading Mode"},"sceneLighting":true,"audioPlay":false,"sceneViewState":{"m_AlwaysRefresh":false,"showFog":true,"showSkybox":true,"showFlares":true,"showImageEffects":true,"showParticleSystems":true,"showVisualEffectGraphs":true,"m_FxEnabled":true},"in2DMode":false,"pivot":{"x":0.9303485155105591,"y":2.1088969707489015,"z":-0.4286385774612427},"rotation":{"x":0.34212949872016909,"y":-0.524117112159729,"z":0.24183662235736848,"w":0.7414654493331909},"size":0.8270542621612549,"orthographic":false}