{"cameraMode":{"drawMode":0,"name":"Shaded","section":"Shading Mode"},"sceneLighting":false,"audioPlay":false,"sceneViewState":{"m_AlwaysRefresh":false,"showFog":true,"showSkybox":false,"showFlares":true,"showImageEffects":true,"showParticleSystems":true,"showVisualEffectGraphs":true,"m_FxEnabled":true},"in2DMode":false,"pivot":{"x":0.039953701198101047,"y":-0.0013166964054107667,"z":-0.01318320631980896},"rotation":{"x":0.1901656836271286,"y":0.195851668715477,"z":-0.038742464035749438,"w":0.9612449407577515},"size":0.11851480603218079,"orthographic":false}